{
  "title": "Monk's Enhanced Journal",
  "description": "Treat the journal like it's going to be popped out and used as a digital guide book.  Add extra information to summarize an encounter.  Show summaries of people and places.  Allow for bookmarking of commonly used pages",
  "version": "12.02",
  "authors": [
    {
		"name": "IronMonk",
		"discord": "ironmonk88#4075",
		"flags": {
		  "github": "ironmonk88",
		  "patreon": "ironmonk",
		  "ko-fi": "ironmonk88"
	  }
    }
  ],
  "socket": true,
  "languages": [
    {
      "lang": "en",
      "name": "English",
      "path": "lang/en.json"
    },
    {
      "lang": "it",
      "name": "Italiano",
      "path": "lang/it.json"
    },
    {
      "lang": "es",
      "name": "Español",
      "path": "lang/es.json"
    },
    {
      "lang": "fr",
      "name": "Français",
      "path": "lang/fr.json"
    },
    {
      "lang": "ja",
      "name": "日本語",
      "path": "lang/ja.json"
    },
    {
      "lang": "sv",
      "name": "Svenska",
      "path": "lang/sv.json"
    },
    {
      "lang": "zh-tw",
      "name": "正體中文",
      "path": "lang/zh-tw.json"
    },
    {
      "lang": "de",
      "name": "Deutsch",
      "path": "lang/de.json"
    },
    {
		"lang": "pt-BR",
		"name": "Português",
		"path": "lang/pt-BR.json"
    }
  ],
  "packs": [
    {
      "name": "shop-names",
      "label": "Shop Names",
      "path": "packs/shop-names.db",
      "type": "RollTable",
      "private": false,
      "flags": {}
    },
    {
      "name": "person-names",
      "label": "Person Names",
      "path": "packs/person-names.db",
      "type": "RollTable",
      "private": false,
      "flags": {}
    }
  ],
  "esmodules": [
    "monks-enhanced-journal.js",
    "settings.js"
  ],
  "scripts": [
    "js/jquery.mark.min.js"
  ],
  "styles": [
    "css/monks-enhanced-journal.css",
    "css/monks-journal-sheet.css",
    "css/editor.css",
    "css/slide-transition.css",
    "css/system.css",
    "css/apsjournal.css"
  ],
  "url": "https://github.com/ironmonk88/monks-enhanced-journal",
  "download": "https://github.com/ironmonk88/monks-enhanced-journal/archive/12.02.zip",
  "manifest": "https://github.com/ironmonk88/monks-enhanced-journal/releases/latest/download/module.json",
  "bugs": "https://github.com/ironmonk88/monks-enhanced-journal/issues",
  "id": "monks-enhanced-journal",
  "compatibility": {
    "minimum": "12",
    "verified": "12"
  },
  "minimumCoreVersion": "12",
  "compatibleCoreVersion": "12",
  "flags": {
    "allowBugReporter": true
  }
}
